{
  "coefficients": {
    "adults": 237.9053969285211,
    "teens": 240.38844353005672,
    "seniors": 239.57378991425156,
    "is_weekend": 320.53456209198964,
    "meal_type_breakfast": -249.03864851228337,
    "meal_type_dinner": 309.35265450828314,
    "meal_type_lunch": -60.31400599600005
  },
  "intercept": -95.02539281332815
}